,stop_id,stop_name,stop_lat,stop_lon,location_type,parent_station
0,8014474,Waldshut,47.621370802425204,8.2195219687679,1.0,
1,8014558,Singen (Hohentwiel),47.7584367925026,8.84038359432069,1.0,
2,8014586,Konstanz,47.658752408956396,9.177305724829461,1.0,
3,8500010,Basel SBB,47.547406548145396,7.58955142623287,1.0,
4,8500016,Basel St. Johann,47.5702971276522,7.57251038529075,1.0,
5,8500020,Muttenz,47.5335800633286,7.64787903763887,1.0,
6,8500021,Pratteln,47.5226557753483,7.690800541920071,1.0,
7,8500022,Frenkendorf-Füllinsdorf,47.5014558036563,7.7190884902209405,1.0,
8,8500023,Liestal,47.484454449813,7.73135049385087,1.0,
9,8500024,Lausen,47.4701984492328,7.759818105208581,1.0,
10,8500025,Itingen,47.46726541067229,7.7872077382252005,1.0,
11,8500026,Sissach,47.462747117987604,7.81201920637604,1.0,
12,8500027,Gelterkinden,47.465880813862896,7.847655373702019,1.0,
13,8500028,Tecknau,47.445757535104,7.88760345439237,1.0,
14,8500035,Läufelfingen,47.392122674629604,7.85621631836087,1.0,
15,8500105,Moutier,47.280666976668904,7.3810344824540195,1.0,
16,8500109,Delémont,47.3619990299145,7.35005158830042,1.0,
17,8500113,Laufen,47.419335943811205,7.50263043932936,1.0,
18,8500114,Zwingen,47.43379411107221,7.5304602468352595,1.0,
19,8500115,Grellingen,47.44129207541489,7.59198586065317,1.0,
20,8500117,Aesch,47.4677390801552,7.603053104955059,1.0,
21,8500118,Dornach-Arlesheim,47.4886066628627,7.6111020099019004,1.0,
22,8500119,Münchenstein,47.5133856336249,7.61758784625414,1.0,
23,8500121,Courfaivre,47.3350727206901,7.29115803826535,1.0,
24,8500122,Bassecourt,47.3366799202069,7.24684414529357,1.0,
25,8500123,Glovelier,47.335200567897104,7.20929456641214,1.0,
26,8500125,Courgenay,47.405220359327096,7.12418817638281,1.0,
27,8500126,Porrentruy,47.420910186609994,7.080071912773559,1.0,
28,8500127,Courtemaîche,47.4558656923596,7.05536824245684,1.0,
29,8500128,Boncourt,47.492618942854605,7.016543055871789,1.0,
30,8500136,Basel Dreispitz,47.537861811964206,7.608937070066871,1.0,
31,8500200,Pieterlen,47.1714370874741,7.34018808647942,1.0,
32,8500201,Lengnau,47.179424194480895,7.36654465691915,1.0,
33,8500202,Grenchen Süd,47.188765386917495,7.3981743380774105,1.0,
34,8500203,Bettlach,47.194943102548294,7.42835773162802,1.0,
35,8500204,Selzach,47.2006196182265,7.456627713623201,1.0,
36,8500205,Bellach,47.208901358567196,7.507858634283671,1.0,
37,8500206,Solothurn West,47.2067105154583,7.53194246705426,1.0,
38,8500207,Solothurn,47.204183915514,7.54268631785383,1.0,
39,8500208,Luterbach-Attisholz,47.217145196683596,7.58351474752275,1.0,
40,8500209,Deitingen,47.2182190590417,7.61889938656914,1.0,
41,8500210,Wangen an der Aare,47.23195159670421,7.656224386629501,1.0,
42,8500211,Niederbipp,47.2703971869814,7.6948070280878,1.0,
43,8500212,Oensingen,47.2850241782959,7.709853809098901,1.0,
44,8500213,Oberbuchsiten,47.3052454261773,7.77171179957198,1.0,
45,8500214,Egerkingen,47.314856793346,7.798948718990281,1.0,
46,8500215,Hägendorf,47.3302630056806,7.84381058428545,1.0,
47,8500216,Wangen bei Olten,47.3413977422668,7.86834357469817,1.0,
48,8500217,Olten Hammer,47.34854976519,7.897709501340129,1.0,
49,8500218,Olten,47.3519276177994,7.90768978414808,1.0,
50,8500300,Kaiseraugst,47.538492521594705,7.724119055812711,1.0,
51,8500301,Rheinfelden,47.5512081922171,7.792157455441389,1.0,
52,8500302,Möhlin,47.5618476915714,7.83385725093602,1.0,
53,8500303,Mumpf,47.547618768398706,7.909612178856371,1.0,
54,8500304,Eiken,47.5330342062232,7.989777834822349,1.0,
55,8500305,Frick,47.507342172577495,8.013071150142808,1.0,
56,8500309,Brugg AG,47.4808543854376,8.20882303373255,1.0,
57,8500313,Rheinfelden Augarten,47.5458664097056,7.768019723753741,1.0,
58,8500320,Stein-Säckingen,47.5415974430058,7.94882364101364,1.0,
59,8500329,Koblenz,47.6003379515845,8.22702290139134,1.0,
60,8501000,Zimeysa,46.221263339204796,6.065739209568809,1.0,
61,8501001,La Plaine,46.1786601261429,5.99999151391495,1.0,
62,8501002,Russin,46.1877717331166,6.017553577721929,1.0,
63,8501003,Satigny,46.2142210418871,6.037505160185,1.0,
64,8501006,Meyrin,46.2223323468608,6.076914251704809,1.0,
65,8501007,Vernier,46.220710181722794,6.0938924105770305,1.0,
66,8501008,Genève,46.210205347158606,6.14245533484329,1.0,
67,8501012,Creux-de-Genthod,46.2637589946516,6.161319955812429,1.0,
68,8501014,Mies,46.2998792475165,6.1695664901218,1.0,
69,8501020,Chambésy,46.242378599339396,6.14734216998959,1.0,
70,8501022,Versoix,46.27971742243321,6.16574865016376,1.0,
71,8501023,Coppet,46.317378261396705,6.18782923985049,1.0,
72,8501026,Genève-Aéroport,46.2325303791105,6.11198448040172,1.0,
73,8501030,Nyon,46.384405991255704,6.23596995593315,1.0,
74,8501031,Gland,46.4199760084709,6.26913575622746,1.0,
75,8501033,Rolle,46.4627383246109,6.33641058786454,1.0,
76,8501035,Allaman,46.4757374048042,6.39970588279241,1.0,
77,8501036,St-Prex,46.482306915257205,6.45590448697475,1.0,
78,8501037,Morges,46.511093292976796,6.493966105568191,1.0,
79,8501042,Etoy,46.4751620709198,6.427140431573241,1.0,
80,8501045,Denges-Echandens,46.5291179851255,6.540507820444911,1.0,
81,8501047,Morges-St-Jean,46.518190147436,6.508042706072309,1.0,
82,8501048,Lonay-Préverenges,46.523122780731896,6.51955012486348,1.0,
83,8501103,Vallorbe,46.712399206205994,6.370564534971519,1.0,
84,8501104,Le Day,46.717283386318705,6.40051436654823,1.0,
85,8501105,Bretonnières,46.7150476815578,6.47473317533252,1.0,
86,8501106,Croy-Romainmôtier,46.6967027829125,6.47811982395412,1.0,
87,8501107,Arnex,46.698064388139294,6.51890333785882,1.0,
88,8501108,La Sarraz,46.658779689892796,6.517367218722759,1.0,
89,8501110,Ependes,46.7464129855227,6.60765688794219,1.0,
90,8501111,Essert-Pittet,46.727660031615706,6.5806535304977904,1.0,
91,8501112,Chavornay,46.710077063906,6.56815796489395,1.0,
92,8501113,Bavois,46.68766972691521,6.55932752564983,1.0,
93,8501114,Eclépens,46.6571827984701,6.552419481113991,1.0,
94,8501115,Cossonay-Penthalaz,46.606001827701995,6.523682375171,1.0,
95,8501116,Vufflens-la-Ville,46.5762345434467,6.530761099610849,1.0,
96,8501117,Bussigny,46.547581528672296,6.551817609873541,1.0,
97,8501118,Renens VD,46.537028170052395,6.578937748304889,1.0,
98,8501120,Lausanne,46.516780741385205,6.62909069062426,1.0,
99,8501121,Pully,46.5109201873876,6.65946273038457,1.0,
100,8501122,Lutry,46.5037791013926,6.690607321289329,1.0,
101,8501123,Villette VD,46.4953322424896,6.707280052964911,1.0,
102,8501124,Cully,46.4885478339931,6.7271507870524,1.0,
103,8501125,Epesses,46.489320940583106,6.7451620085015,1.0,
104,8501126,Rivaz,46.47419698106749,6.784589066326999,1.0,
105,8501127,St-Saphorin,46.47258845994679,6.79703073301378,1.0,
106,8501200,Vevey,46.4629982128826,6.8434466837507,1.0,
107,8501201,La Tour-de-Peilz,46.4554423833365,6.85952652733868,1.0,
108,8501202,Burier,46.44787931575421,6.877115540604191,1.0,
109,8501203,Clarens,46.4427293921883,6.8957735490579495,1.0,
110,8501300,Montreux,46.435876515497206,6.91043405449682,1.0,
111,8501301,Territet,46.4263788732316,6.9227050412796,1.0,
112,8501302,Veytaux-Chillon,46.41761034983371,6.9278613710111605,1.0,
113,8501303,Villeneuve,46.3983654344084,6.9269989883382905,1.0,
114,8501304,Roche VD,46.358683512572405,6.927052887255339,1.0,
115,8501400,Aigle,46.316844686228706,6.963677201393991,1.0,
116,8501402,Bex,46.2514610057622,7.0006788079520295,1.0,
117,8501403,St-Maurice,46.2163655263812,7.00204424718408,1.0,
118,8501404,Evionnaz,46.1692421756164,7.02552620871423,1.0,
119,8501405,Vernayaz,46.138544890347006,7.03836313412609,1.0,
120,8501426,Bouveret,46.3858126304061,6.85323832034897,1.0,
121,8501500,Martigny,46.105825013356295,7.07911969857226,1.0,
122,8501501,Charrat-Fully,46.1268040834555,7.12647888035764,1.0,
123,8501502,Saxon,46.1493745920936,7.1734338202651,1.0,
124,8501503,Riddes,46.172501939414204,7.217846527918151,1.0,
125,8501505,Ardon,46.2085828237495,7.27094594436985,1.0,
126,8501506,Sion,46.227546568369,7.359187454741191,1.0,
127,8501507,St-Léonard,46.2514858529646,7.41957220814811,1.0,
128,8501509,Sierre/Siders,46.292114595739406,7.5328317991856695,1.0,
129,8501510,Châteauneuf-Conthey,46.2161044631806,7.305108874629671,1.0,
130,8501600,Salgesch,46.309448550399104,7.579005204795839,1.0,
131,8501601,Leuk,46.311887151938706,7.64394441669388,1.0,
132,8501602,Turtmann,46.3093244456342,7.69960403170567,1.0,
133,8501603,Gampel-Steg,46.306513397342606,7.7475740678843295,1.0,
134,8501604,Raron,46.306271379813296,7.801508917550371,1.0,
135,8501605,Visp,46.294026378755504,7.88145897784814,1.0,
136,8501609,Brig,46.31941944860821,7.988089002087969,1.0,
137,8502000,Aarburg-Oftringen,47.320264702914,7.908201823860099,1.0,
138,8502001,Zofingen,47.2880465856644,7.94309238950016,1.0,
139,8502002,Brittnau-Wikon,47.2626615310824,7.957025259558789,1.0,
140,8502003,Reiden,47.24146040729529,7.96875725717103,1.0,
141,8502004,Dagmersellen,47.217553999122295,7.9790160177170995,1.0,
142,8502005,Nebikon,47.192373211361996,7.97744396596967,1.0,
143,8502006,Wauwil,47.183850781419494,8.019009014171669,1.0,
144,8502007,Sursee,47.170789761653005,8.09788109612834,1.0,
145,8502008,Nottwil,47.138804488126794,8.13858376165746,1.0,
146,8502009,Sempach-Neuenkirch,47.116050000970205,8.19596814201501,1.0,
147,8502010,St. Erhard-Knutwil,47.1800775208726,8.074560831349348,1.0,
148,8502011,Oberkirch LU,47.1552332489433,8.11422145114875,1.0,
149,8502012,Rothenburg Dorf,47.09090668377811,8.27317834069583,1.0,
150,8502017,Waldibrücke,47.107894399307206,8.319684122961169,1.0,
151,8502020,Rothenburg,47.08819108216971,8.249175356300809,1.0,
152,8502021,Emmenbrücke,47.070597480766104,8.282547769110499,1.0,
153,8502022,Eschenbach,47.132394122807895,8.32277432753897,1.0,
154,8502023,Ballwil,47.1537671471729,8.31688137927433,1.0,
155,8502024,Hochdorf,47.1669728216393,8.28868326250189,1.0,
156,8502025,Baldegg,47.1856823646078,8.28021214937146,1.0,
157,8502027,Hitzkirch,47.2226668141368,8.25197809998765,1.0,
158,8502028,Emmenbrücke Gersag,47.07831221937511,8.27679855129133,1.0,
159,8502030,Seon,47.3461394895498,8.158786872400121,1.0,
160,8502033,Birrwil,47.2878455034401,8.19899546452291,1.0,
161,8502034,Beinwil am See,47.2672213767866,8.202220416393349,1.0,
162,8502100,Safenwil,47.3217505631112,7.983507594138321,1.0,
163,8502103,Suhr,47.3716304912769,8.08227735964101,1.0,
164,8502104,Hunzenschwil,47.3882851782416,8.125674971022871,1.0,
165,8502105,Othmarsingen,47.4074273087305,8.21478784721993,1.0,
166,8502106,Mägenwil,47.414503514588795,8.23513468840807,1.0,
167,8502110,Dulliken,47.35426460009789,7.946488021274611,1.0,
168,8502111,Däniken,47.3563884864263,7.97875550628467,1.0,
169,8502112,Schönenwerd SO,47.371423643247006,8.000153376355371,1.0,
170,8502113,Aarau,47.391356414000704,8.05124954972321,1.0,
171,8502114,Rupperswil,47.4032869227096,8.126941595573651,1.0,
172,8502115,Wildegg,47.415275517324105,8.16299997108323,1.0,
173,8502116,Schinznach Bad,47.4517777112922,8.16692560887538,1.0,
174,8502119,Lenzburg,47.3911922138451,8.17037513956688,1.0,
175,8502128,Holderbank AG,47.4286348425524,8.16660221537305,1.0,
176,8502200,Ebikon,47.0842581073644,8.34234861758266,1.0,
177,8502201,Gisikon-Root,47.121325410328595,8.394774297571171,1.0,
178,8502202,Rotkreuz,47.1417619176042,8.43047334696705,1.0,
179,8502203,Cham,47.178245744306004,8.45748568756429,1.0,
180,8502204,Zug,47.17362328051121,8.51529227610542,1.0,
181,8502205,Walchwil,47.098685748899705,8.51692720992275,1.0,
182,8502206,Baar,47.1953642842458,8.52325134952383,1.0,
183,8502208,Horgen Oberdorf,47.2587475534877,8.589798545780669,1.0,
184,8502209,Oberrieden Dorf,47.2767238569466,8.577635356832,1.0,
185,8502211,Hendschiken,47.38942246858629,8.20737674612491,1.0,
186,8502212,Dottikon-Dintikon,47.373644175291396,8.234685530765951,1.0,
187,8502213,Wohlen AG,47.3484645553017,8.26978270892138,1.0,
188,8502214,Boswil-Bünzen,47.3051723292363,8.31527339491553,1.0,
189,8502215,Muri AG,47.276662909977105,8.3397974021754,1.0,
190,8502216,Benzenschwil,47.2468453333424,8.36559701713891,1.0,
191,8502217,Mühlau,47.225015615169,8.38851304003999,1.0,
192,8502218,Sins,47.1883075236394,8.39781060323192,1.0,
193,8502219,Oberrüti,47.1659223516173,8.40476356353197,1.0,
194,8502220,Urdorf,47.3908820565997,8.434713395108691,1.0,
195,8502221,Birmensdorf ZH,47.3574351840587,8.43754308825406,1.0,
196,8502222,Bonstetten-Wettswil,47.3258973534906,8.468175639446791,1.0,
197,8502223,Hedingen,47.2987820476816,8.44595131931459,1.0,
198,8502224,Affoltern am Albis,47.27606562596171,8.44658014001356,1.0,
199,8502226,Knonau,47.220256897127705,8.46671138553348,1.0,
200,8502227,Steinhausen,47.194582959025205,8.47842541684003,1.0,
201,8502229,Urdorf Weihermatt,47.38097430901689,8.43032961652157,1.0,
202,8502230,Zug Chollermüli,47.1804743974658,8.485764652712309,1.0,
203,8502231,Zug Oberwil,47.147676283043296,8.50992035070564,1.0,
204,8502237,Lupfig,47.4451743129106,8.21496751027678,1.0,
205,8502247,Birr,47.43584187837621,8.21765347297667,1.0,
206,8502306,Hünenberg Chämleten,47.169153091366795,8.449894923412419,1.0,
207,8503000,Zürich HB,47.378176203946104,8.540193575784679,1.0,
208,8503001,Zürich Altstetten,47.391484124879206,8.488935705665691,1.0,
209,8503003,Zürich Stadelhofen,47.3666111556789,8.548467059552571,1.0,
210,8503004,Zürich Tiefenbrunnen,47.3501261233109,8.56137585018717,1.0,
211,8503006,Zürich Oerlikon,47.411530894433,8.54411023042399,1.0,
212,8503007,Zürich Seebach,47.41874635041571,8.54463125328885,1.0,
213,8503008,Zürich Affoltern,47.420910186609994,8.50856389462643,1.0,
214,8503009,Zürich Wollishofen,47.3474420259121,8.53359095844549,1.0,
215,8503010,Zürich Enge,47.3640982664424,8.53080618106433,1.0,
216,8503011,Zürich Wiedikon,47.3714723134447,8.52345796203921,1.0,
217,8503015,Zürich Wipkingen,47.393028793853,8.52935989345669,1.0,
218,8503016,Zürich Flughafen,47.450380557234,8.56238196330552,1.0,
219,8503020,Zürich Hardbrücke,47.385195516951,8.5171068729796,1.0,
220,8503100,Zollikon,47.337331309110205,8.569721199177799,1.0,
221,8503101,Küsnacht ZH,47.31915028034229,8.580617763575692,1.0,
222,8503102,Erlenbach ZH,47.3057875586685,8.59150534482073,1.0,
223,8503103,Herrliberg-Feldmeilen,47.28182486945521,8.612714568681751,1.0,
224,8503104,Meilen,47.269812023224205,8.64429035092294,1.0,
225,8503105,Uetikon,47.259028003873205,8.67877667468509,1.0,
226,8503107,Stäfa,47.2405211908615,8.72162631374356,1.0,
227,8503108,Uerikon,47.235855355945205,8.75260920789715,1.0,
228,8503109,Feldbach,47.2391977212626,8.78348430421664,1.0,
229,8503110,Rapperswil,47.224887501432505,8.816730952886529,1.0,
230,8503111,Winkel am Zürichsee,47.2972041566916,8.598979327985651,1.0,
231,8503115,Schmerikon,47.2251559298585,8.94336645850649,1.0,
232,8503116,Uznach,47.2242774317727,8.980673492261161,1.0,
233,8503120,Jona,47.2309695119999,8.834598443890151,1.0,
234,8503121,Rüti ZH,47.2604851026196,8.85406493609973,1.0,
235,8503122,Bubikon,47.2708421509248,8.822704749526759,1.0,
236,8503123,Wetzikon,47.3180358342644,8.79226982769655,1.0,
237,8503124,Aathal,47.3359554689044,8.76560783006017,1.0,
238,8503125,Uster,47.3503695721055,8.71868882276408,1.0,
239,8503126,Nänikon-Greifensee,47.36936120234329,8.68640337144833,1.0,
240,8503127,Schwerzenbach ZH,47.38438049736939,8.65866339547086,1.0,
241,8503128,Dübendorf,47.400076531596795,8.623404520564259,1.0,
242,8503129,Wallisellen,47.4127163152234,8.59190958669864,1.0,
243,8503130,Hinwil,47.3000492001759,8.83970087470466,1.0,
244,8503134,Bauma,47.368837974421204,8.87821165094023,1.0,
245,8503136,Fischenthal,47.333301091817205,8.923271145597939,1.0,
246,8503138,Wald,47.272682920912295,8.91399154871169,1.0,
247,8503139,Tann-Dürnten,47.2683734681527,8.852699496867679,1.0,
248,8503141,Küsnacht Goldbach,47.3268533221335,8.57595550725046,1.0,
249,8503147,Stettbach,47.397212551701706,8.59613166853459,1.0,
250,8503200,Kilchberg,47.3244298775167,8.54799993560477,1.0,
251,8503201,Rüschlikon,47.3071337287872,8.555150525267349,1.0,
252,8503202,Thalwil,47.2959734908807,8.56475351565593,1.0,
253,8503203,Oberrieden,47.279673606345995,8.57845282374066,1.0,
254,8503204,Horgen,47.2614849296062,8.59690421967904,1.0,
255,8503205,Au ZH,47.246814842663404,8.64370644598818,1.0,
256,8503206,Wädenswil,47.229304196344096,8.675192396700961,1.0,
257,8503207,Richterswil,47.2083704383218,8.707459881711019,1.0,
258,8503208,Bäch,47.200979720778896,8.727159935894509,1.0,
259,8503209,Pfäffikon SZ,47.2029999118124,8.77811237881686,1.0,
260,8503210,Freienbach SBB,47.20730858188811,8.756202469034129,1.0,
261,8503211,Altendorf,47.193966436473296,8.8228844125836,1.0,
262,8503220,Lachen,47.1900718017581,8.85269051371484,1.0,
263,8503221,Siebnen-Wangen,47.1826663239779,8.90069648250487,1.0,
264,8503222,Schübelbach-Buttikon,47.176383373345004,8.93875810109831,1.0,
265,8503223,Reichenburg,47.172695075466606,8.98229944292565,1.0,
266,8503224,Bilten,47.15219104265739,9.02990116983777,1.0,
267,8503225,Ziegelbrücke,47.136152438330605,9.06003964762417,1.0,
268,8503228,Netstal,47.0645276865921,9.059419810078039,1.0,
269,8503230,Glarus,47.039923259164496,9.071547066415349,1.0,
270,8503231,Ennenda,47.0329560636984,9.07717950324756,1.0,
271,8503233,Schwanden GL,46.9968504498033,9.07744899783283,1.0,
272,8503239,Linthal,46.9255721351371,8.99777741527318,1.0,
273,8503301,Pfäffikon ZH,47.3670857314903,8.78477787822595,1.0,
274,8503302,Fehraltorf,47.3851225306365,8.750264605005269,1.0,
275,8503303,Illnau,47.4088195240113,8.72270429208465,1.0,
276,8503304,Kemptthal,47.45283466404899,8.70557341961411,1.0,
277,8503305,Effretikon,47.4258088804086,8.68666388288076,1.0,
278,8503306,Dietlikon,47.4201929698596,8.61925430395105,1.0,
279,8503307,Bassersdorf,47.43856400945229,8.62619828109826,1.0,
280,8503308,Kloten,47.4486067255649,8.58378881652907,1.0,
281,8503310,Glattbrugg,47.430828656933606,8.558833617932759,1.0,
282,8503311,Rümlang,47.4540677487502,8.5327465420783,1.0,
283,8503312,Oberglatt,47.4702045216066,8.51060307032167,1.0,
284,8503313,Niederglatt,47.4874715144109,8.50329976706076,1.0,
285,8503315,Dielsdorf,47.4824146459892,8.459417065425411,1.0,
286,8503340,Opfikon,47.4299535729635,8.56177110891224,1.0,
287,8503400,Bülach,47.523941817460795,8.53618708961695,1.0,
288,8503401,Glattfelden,47.548558590620296,8.52403288382112,1.0,
289,8503402,Eglisau,47.572375940646104,8.51653195119768,1.0,
290,8503403,Hüntwangen-Wil,47.58126602598679,8.51282190907375,1.0,
291,8503404,Rafz,47.6037905113569,8.54342751080796,1.0,
292,8503408,Rekingen AG,47.5699698434529,8.327113190361871,1.0,
293,8503409,Bad Zurzach,47.588312785167105,8.2955643575792,1.0,
294,8503421,Jestetten,47.6544018780055,8.57326954455057,1.0,
295,8503423,Neuhausen,47.683136503273204,8.62491369024179,1.0,
296,8503424,Schaffhausen,47.69828386606439,8.63272903321472,1.0,
297,8503428,Diessenhofen,47.68547087465161,8.75227683124198,1.0,
298,8503501,Döttingen,47.5752667474955,8.25634391226908,1.0,
299,8503502,Siggenthal-Würenlingen,47.5179238395802,8.240156270847,1.0,
300,8503503,Turgi,47.491757026559604,8.25344235390097,1.0,
301,8503504,Baden,47.476422264198106,8.3076916139165,1.0,
302,8503505,Wettingen,47.459637529686006,8.31598306399008,1.0,
303,8503506,Killwangen-Spreitenbach,47.433326212403294,8.35419739618185,1.0,
304,8503508,Dietikon,47.405779705113794,8.40497017604735,1.0,
305,8503509,Schlieren,47.3991766141354,8.44722692701821,1.0,
306,8503511,Neuenhof,47.4506599910149,8.33123645751655,1.0,
307,8503512,Glanzenberg,47.398872584492395,8.42042119893635,1.0,
308,8503526,Regensdorf-Watt,47.4365649581788,8.47206534462758,1.0,
309,8503528,Otelfingen,47.454936357561294,8.38750692692163,1.0,
310,8503529,Würenlos,47.445757535104,8.35764692687335,1.0,
311,8504000,Pully-Nord,46.51467274569121,6.65798949331841,1.0,
312,8504003,Bossière,46.509739345267704,6.6993209795465,1.0,
313,8504007,Moreillon,46.508385363830605,6.7856490783624,1.0,
314,8504010,La Conversion,46.513077785519,6.67832735135371,1.0,
315,8504011,Grandvaux,46.4969400912713,6.72265022747833,1.0,
316,8504014,Palézieux,46.5427499762253,6.837877128988381,1.0,
317,8504015,Vevey-Funi,46.4682699642617,6.835433711415241,1.0,
318,8504018,Ecublens-Rue,46.61042046179979,6.81105343460084,1.0,
319,8504020,Oron,46.572535640897506,6.837104577843929,1.0,
320,8504021,Vauderens,46.6214469607822,6.85003133478421,1.0,
321,8504023,Romont,46.693505032024404,6.91181746003456,1.0,
322,8504024,Villaz-St-Pierre,46.7205782644214,6.96064089573325,1.0,
323,8504025,Chénens,46.7492013608563,7.00042727967244,1.0,
324,8504026,Cottens,46.7512079169874,7.03479682244764,1.0,
325,8504027,Neyruz,46.7660454960833,7.06503411491531,1.0,
326,8504028,Rosé,46.7826260087401,7.0619708597960305,1.0,
327,8504029,Matran,46.7889308006447,7.09633141941839,1.0,
328,8504030,Villars-sur-Glâne,46.7898226384173,7.11639079971557,1.0,
329,8504040,Corseaux-Cornalles,46.47044781580129,6.8247707089912595,1.0,
330,8504100,Fribourg/Freiburg,46.8032660709958,7.1510208539232005,1.0,
331,8504101,Düdingen,46.85104115652351,7.18974722582698,1.0,
332,8504102,Schmitten,46.862933762534105,7.25391388658057,1.0,
333,8504103,Flamatt,46.888485351579504,7.31956276755316,1.0,
334,8504104,Thörishaus Station,46.9046169287735,7.357022514906159,1.0,
335,8504105,Niederwangen,46.925498514790604,7.37645307450437,1.0,
336,8504106,Bern Bümpliz Süd,46.937485028114004,7.39522786394508,1.0,
337,8504108,Bern Europaplatz,46.944207097687,7.406115445190131,1.0,
338,8504113,Wünnewil,46.871857629725504,7.28063876628685,1.0,
339,8504115,Thörishaus Dorf,46.8935622882411,7.35185720202176,1.0,
340,8504117,Oberwangen,46.914564770211,7.36219681094341,1.0,
341,8504120,Moudon,46.6680518261706,6.80250147309483,1.0,
342,8504121,Lucens,46.707767141545894,6.84214412658855,1.0,
343,8504122,Granges-Marnand,46.7588333798312,6.894291328838941,1.0,
344,8504128,Murten/Morat,46.9253942191265,7.11537570344437,1.0,
345,8504129,Galmiz,46.95086700205751,7.153194776911071,1.0,
346,8504130,Yvonand,46.8008617512395,6.74668914448472,1.0,
347,8504131,Cheyres,46.8169397488774,6.78639468004833,1.0,
348,8504132,Estavayer-le-Lac,46.8444978716379,6.8429615934972094,1.0,
349,8504134,Payerne,46.8196384138731,6.939880829514349,1.0,
350,8504138,Grolley,46.8319681755495,7.0660492111865105,1.0,
351,8504141,Henniez,46.734999456085994,6.87009969823424,1.0,
352,8504200,Yverdon-les-Bains,46.7818755355519,6.64114608173882,1.0,
353,8504201,Grandson,46.8062728567613,6.641936599188959,1.0,
354,8504203,Concise,46.8508691367009,6.723162267190349,1.0,
355,8504205,Gorgier-St-Aubin,46.8990684102005,6.78102275464855,1.0,
356,8504206,Bevaix,46.9296885785096,6.811682255299809,1.0,
357,8504208,Boudry,46.9594451603617,6.83504743584301,1.0,
358,8504209,Colombier,46.967641872246,6.84887250806754,1.0,
359,8504215,Travers,46.9424039976227,6.67655767024374,1.0,
360,8504217,Champ-du-Moulin,46.9599049942024,6.77498607593842,1.0,
361,8504219,Auvernier,46.9796312090753,6.87770842869179,1.0,
362,8504220,Neuchâtel-Serrières,46.9839579884814,6.9033553300569706,1.0,
363,8504221,Neuchâtel,46.996721785659,6.93570366344262,1.0,
364,8504222,St-Blaise CFF,47.0145663815015,6.98211063102669,1.0,
365,8504223,Cornaux,47.0385580543885,7.0233612688792,1.0,
366,8504224,Cressier NE,47.051939227299,7.03952196084276,1.0,
367,8504225,Le Landeron,47.05662735283179,7.06632768892462,1.0,
368,8504226,La Neuveville,47.062826551732904,7.095217508465931,1.0,
369,8504228,Twann,47.0936588414299,7.156491594004249,1.0,
370,8504229,Tüscherz,47.1149985243113,7.197302057367481,1.0,
371,8504236,Les Geneveys-sur-Coffrane,47.015086989092595,6.853211370890441,1.0,
372,8504237,Les Hauts-Geneveys,47.0471711155841,6.874672123031041,1.0,
373,8504300,Biel/Bienne,47.13289524689079,7.24290952434858,1.0,
374,8504302,Reuchenette-Péry,47.18972993929871,7.24701482519757,1.0,
375,8504304,Sonceboz-Sombeval,47.1951384336063,7.168753597634191,1.0,
376,8504307,Courtelary,47.1756200876866,7.0687980559562895,1.0,
377,8504310,St-Imier,47.1516962095055,7.00121779712257,1.0,
378,8504312,Renan BE,47.125714054506396,6.925373037673809,1.0,
379,8504314,La Chaux-de-Fonds,47.0986429426886,6.82601936723636,1.0,
380,8504316,Le Locle,47.0578574585021,6.7461501553141705,1.0,
381,8504400,Kerzers,46.975065035225,7.192801497793409,1.0,
382,8504410,Zollikofen,47.0018190995158,7.462906937460071,1.0,
383,8504411,Münchenbuchsee,47.021370628588706,7.45193850783944,1.0,
384,8504412,Schüpfen,47.0418516279153,7.38599318282305,1.0,
385,8504413,Suberg-Grossaffoltern,47.058775429317706,7.33899332715137,1.0,
386,8504414,Lyss,47.076317873773604,7.30629465080487,1.0,
387,8504415,Busswil,47.098673518557206,7.31861953650471,1.0,
388,8504416,Brügg BE,47.12362979927939,7.27820433186654,1.0,
389,8504419,Biel Mett,47.144713072693904,7.27247308035306,1.0,
390,8504441,Studen BE,47.1104255818457,7.3017401923137495,1.0,
391,8505000,Luzern,47.0501703626744,8.31017096410102,1.0,
392,8505001,Meggen,47.0501397589639,8.383042299958941,1.0,
393,8505002,Küssnacht am Rigi,47.083597485912506,8.43349168632211,1.0,
394,8505003,Immensee,47.091616142467394,8.462659983601531,1.0,
395,8505004,Arth-Goldau,47.0491543101005,8.549491138976611,1.0,
396,8505005,Steinen,47.04766080009811,8.60743247481039,1.0,
397,8505006,Schwyz,47.0263921089956,8.632136145127111,1.0,
398,8505007,Brunnen,46.9991724780169,8.61004657228754,1.0,
399,8505111,Sisikon,46.949254228325394,8.62072754101721,1.0,
400,8505112,Flüelen,46.90172612404471,8.624293852695661,1.0,
401,8505113,Altdorf,46.875738711170705,8.6315612233452,1.0,
402,8505114,Erstfeld,46.8203391839971,8.65044381062002,1.0,
403,8505119,Göschenen,46.6658140824869,8.58879243266231,1.0,
404,8505201,Airolo,46.5275296294213,8.60860028467991,1.0,
405,8505202,Ambrì-Piotta,46.51061725127979,8.690149346183631,1.0,
406,8505204,Faido,46.483080110546894,8.79069777594912,1.0,
407,8505205,Lavorgo,46.440897090427704,8.83974579046888,1.0,
408,8505207,Bodio TI,46.380260222768094,8.90656248131099,1.0,
409,8505209,Biasca,46.3519812829346,8.974169689603231,1.0,
410,8505212,Castione-Arbedo,46.2252595810536,9.0413996054761,1.0,
411,8505213,Bellinzona,46.1954392395131,9.0295059111127,1.0,
412,8505214,Giubiasco,46.1738207202552,9.0035805320094,1.0,
413,8505216,Rivera-Bironico,46.123977449698295,8.92528337183464,1.0,
414,8505217,Mezzovico,46.094282808881104,8.92858018892782,1.0,
415,8505218,Taverne-Torricella,46.056686943445605,8.93032292057926,1.0,
416,8505219,Lamone-Cadempino,46.03972209773929,8.93211955114774,1.0,
417,8505300,Lugano,46.0055084726468,8.946869888115039,1.0,
418,8505301,Lugano-Paradiso,45.988952334351595,8.94627700002744,1.0,
419,8505302,Melide,45.9557252735427,8.94835210833404,1.0,
420,8505303,Maroggia-Melano,45.9324444732494,8.97393612762933,1.0,
421,8505304,Capolago-Riva S. Vitale,45.9028468235066,8.97889482799836,1.0,
422,8505305,Mendrisio,45.8691240252231,8.97859838395456,1.0,
423,8505306,Balerna,45.8467580218981,9.00503580276988,1.0,
424,8505307,Chiasso,45.83217617594129,9.03143728897382,1.0,
425,8505400,Locarno,46.1724272904965,8.801360778373109,1.0,
426,8505401,Tenero,46.177465865044006,8.850220146683169,1.0,
427,8505402,Gordola,46.1790457674158,8.86576998425344,1.0,
428,8505404,Cadenazzo,46.1526230871951,8.941686608924948,1.0,
429,8505408,Ranzo-S. Abbondio,46.1169974090284,8.77653134391659,1.0,
430,8505410,Gerra (Gambarogno),46.1220410596068,8.784957541282798,1.0,
431,8505412,Riazzino,46.175512694641505,8.885317324838601,1.0,
432,8505415,S. Antonino,46.16044482601129,8.97392714447649,1.0,
433,8506000,Winterthur,47.50033307071671,8.72380023673143,1.0,
434,8506001,Winterthur Grüze,47.4987490661164,8.751037156149719,1.0,
435,8506002,Winterthur Seen,47.487435092129296,8.76678462308253,1.0,
436,8506003,Sennhof-Kyburg,47.4651763558737,8.76032573618881,1.0,
437,8506005,Rikon,47.4450042052195,8.79630326332281,1.0,
438,8506008,Wila,47.4177738108003,8.84846843187889,1.0,
439,8506009,Saland,47.3942146310446,8.854199683392368,1.0,
440,8506010,Sirnach,47.461994031448896,9.00045439482023,1.0,
441,8506011,Eschlikon,47.461489943303,8.958512054198849,1.0,
442,8506012,Guntershausen,47.474133200391705,8.91701887121959,1.0,
443,8506013,Aadorf,47.4881210408593,8.90328363052349,1.0,
444,8506014,Elgg,47.4985305789728,8.863389448750189,1.0,
445,8506015,Räterschen,47.498676237169505,8.79500070616065,1.0,
446,8506016,Oberwinterthur,47.507918637138204,8.76037065195302,1.0,
447,8506017,Wiesendangen,47.525543259789494,8.77601032105172,1.0,
448,8506018,Rickenbach-Attikon,47.535357092101705,8.78916165681306,1.0,
449,8506019,Islikon,47.5478370511913,8.84617772790407,1.0,
450,8506020,Seuzach,47.535769499726,8.73886498404821,1.0,
451,8506022,Thalheim-Altikon,47.5696183137014,8.75763079033608,1.0,
452,8506024,Stammheim,47.6348775094336,8.788730465476629,1.0,
453,8506025,Etzwilen,47.6611423238445,8.81859046552492,1.0,
454,8506035,Schottikon,47.5001145901647,8.8117093704476,1.0,
455,8506041,Embrach-Rorbas,47.520587122601995,8.58705868416372,1.0,
456,8506042,Pfungen,47.516030945772,8.64660800435629,1.0,
457,8506043,Winterthur Wülflingen,47.506431952486,8.680905681908751,1.0,
458,8506044,Winterthur Töss,47.489808558013,8.70929244489088,1.0,
459,8506045,Hettlingen,47.5454358904741,8.69481160250886,1.0,
460,8506046,Henggart,47.564254161889494,8.68505589852196,1.0,
461,8506047,Andelfingen,47.5937592860192,8.67797717408211,1.0,
462,8506048,Marthalen,47.631075884813605,8.656094213757921,1.0,
463,8506049,Dachsen,47.667083359699106,8.61379254702284,1.0,
464,8506100,Frauenfeld,47.558162001326,8.896537282738821,1.0,
465,8506101,Felben-Wellhausen,47.5771029633049,8.94315984599111,1.0,
466,8506102,Hüttlingen-Mettendorf,47.5823385518263,8.974537998869769,1.0,
467,8506103,Müllheim-Wigoltingen,47.588167375819104,9.01550117583133,1.0,
468,8506104,Märstetten,47.5828172427077,9.06217763800067,1.0,
469,8506105,Weinfelden,47.5662241119746,9.10634780052698,1.0,
470,8506106,Bürglen,47.5490982228604,9.14985320974294,1.0,
471,8506107,Erlen,47.5514567749673,9.22619204259805,1.0,
472,8506108,Oberaach,47.5532210723116,9.27092814375343,1.0,
473,8506109,Amriswil,47.550450310701294,9.30221646510367,1.0,
474,8506121,Romanshorn,47.565527061183005,9.37936378171459,1.0,
475,8506125,Altnau,47.6213647475382,9.26589757816166,1.0,
476,8506128,Kreuzlingen Hafen,47.649167448712504,9.18195899800184,1.0,
477,8506131,Kreuzlingen,47.6525562720678,9.16906817367293,1.0,
478,8506132,Tägerwilen-Gottlieben,47.659617631284,9.1329558992463,1.0,
479,8506135,Berlingen,47.6732112350246,9.02200497848926,1.0,
480,8506139,Stein am Rhein,47.65610824906629,8.85500816714819,1.0,
481,8506203,Bütschwil,47.3595893684951,9.07513134439948,1.0,
482,8506206,Wil SG,47.4624070157253,9.04098638044534,1.0,
483,8506208,Uzwil,47.43644343285621,9.13097062246812,1.0,
484,8506209,Flawil,47.4151904152154,9.18976535782193,1.0,
485,8506210,Gossau SG,47.4118287719109,9.253033703291269,1.0,
486,8506212,Hauptwil,47.4768594215421,9.2515784325308,1.0,
487,8506213,Bischofszell Stadt,47.4921394277884,9.241463402430199,1.0,
488,8506216,Kradolf,47.5247182804531,9.20156023750406,1.0,
489,8506217,Sulgen,47.5388018091218,9.18367478019475,1.0,
490,8506300,St. Gallen Winkeln,47.4039253294399,9.30084204271877,1.0,
491,8506301,St. Gallen Bruggen,47.407202362197,9.32964203073165,1.0,
492,8506302,St. Gallen,47.4231772566584,9.369877572312971,1.0,
493,8506303,St. Gallen St. Fiden,47.43454152499061,9.393422415913019,1.0,
494,8506304,Mörschwil,47.474770748075294,9.4143711283416,1.0,
495,8506305,Goldach,47.4737992437562,9.4669854545398,1.0,
496,8506306,Rorschach Hafen,47.478595871742,9.49290185049026,1.0,
497,8506307,Horn,47.493177359944895,9.463374227097141,1.0,
498,8506311,Rorschach,47.4780008707938,9.50512792150883,1.0,
499,8506312,Staad,47.480769389368604,9.536524040693179,1.0,
500,8506313,Rheineck,47.4668889011153,9.590908048001339,1.0,
501,8506314,St. Margrethen,47.4532112742659,9.638249263481029,1.0,
502,8506316,Au SG,47.4361153130833,9.64124065337757,1.0,
503,8506317,Heerbrugg,47.4103880019461,9.62724490124903,1.0,
504,8506318,Rebstein-Marbach,47.3926395901893,9.586748848235288,1.0,
505,8506319,Altstätten SG,47.3742281901079,9.556511555767619,1.0,
506,8506322,Rorschach Stadt,47.475450790412104,9.489721814384028,1.0,
507,8507000,Bern,46.94882496477079,7.439119548733269,1.0,
508,8507002,Ostermundigen,46.9567964404998,7.4814840975382495,1.0,
509,8507003,Gümligen,46.93431383189979,7.50550504823895,1.0,
510,8507005,Rubigen,46.89916661906079,7.54536329740088,1.0,
511,8507006,Münsingen,46.8733437731866,7.55943091475215,1.0,
512,8507007,Wichtrach,46.8416099712862,7.56885424208387,1.0,
513,8507008,Kiesen,46.818943781841796,7.57549279203444,1.0,
514,8507009,Uttigen,46.7943062057961,7.5826164322385,1.0,
515,8507100,Thun,46.754851533443,7.62959832160449,1.0,
516,8508001,Schönbühl SBB,47.018933203200596,7.49892039720543,1.0,
517,8508003,Hindelbank,47.049558285128604,7.54539923001225,1.0,
518,8508004,Lyssach,47.0637566753604,7.58131387507635,1.0,
519,8508005,Burgdorf,47.0606969970567,7.621684163950301,1.0,
520,8508006,Wynigen,47.10516743512029,7.66349175727904,1.0,
521,8508008,Herzogenbuchsee,47.1880816429673,7.7009425214792,1.0,
522,8508100,Langenthal,47.2173038368101,7.784710421734999,1.0,
523,8508101,Roggwil-Wynau,47.251632152252796,7.814902798438459,1.0,
524,8508102,Murgenthal,47.2653804168416,7.832096552978901,1.0,
525,8508103,Rothrist,47.306445419842206,7.87938386954154,1.0,
526,8508201,Tägertschi,46.88227818968161,7.5808377679757,1.0,
527,8508202,Konolfingen,46.8806940511392,7.621351787295129,1.0,
528,8508203,Zäziwil,46.899743592482096,7.66287191973291,1.0,
529,8508205,Signau,46.9196269663713,7.72544856243339,1.0,
530,8508207,Langnau i.E.,46.939239226191305,7.7841804157173,1.0,
531,8508208,Trubschachen,46.92169465922879,7.8461282377188,1.0,
532,8508211,Schüpfheim,46.950646245025794,8.01513727529657,1.0,
533,8508215,Wolhusen,47.0554829006817,8.07974411053944,1.0,
534,8508217,Schachen LU,47.037964210019105,8.14324601798269,1.0,
535,8508218,Malters,47.0385764206038,8.18195442358079,1.0,
536,8508219,Littau,47.053059273871,8.25709849710785,1.0,
537,8509000,Chur,46.8530807781391,9.52892429338847,1.0,
538,8509002,Landquart,46.96743957510179,9.554032205583098,1.0,
539,8509003,Maienfeld,47.0038346098915,9.52919378797374,1.0,
540,8509004,Bad Ragaz,47.0103094584391,9.50521775303725,1.0,
541,8509400,Oberriet,47.32347995432139,9.57136969056902,1.0,
542,8509404,Buchs SG,47.16840802326261,9.478627620623609,1.0,
543,8509406,Sevelen,47.125371777727295,9.49382711523303,1.0,
544,8509411,Sargans,47.0453653650865,9.445398938259409,1.0,
545,8509412,Mels,47.0537447552511,9.41774879381036,1.0,
546,8509413,Flums,47.0966126657265,9.347913763613189,1.0,
547,8509414,Walenstadt,47.11987059879851,9.31296929905607,1.0,
548,8509415,Mols,47.11298721165999,9.27680312571239,1.0,
549,8509416,Unterterzen,47.113855325533,9.255009996916609,1.0,
550,8509417,Murg,47.11317673068561,9.21502598361489,1.0,
551,8509418,Mühlehorn,47.1178411313901,9.17300279461793,1.0,
552,8515992,Baar Neufeld,47.1884906694246,8.5177626431371,1.0,
553,8515993,Baar Lindenpark,47.183136446847,8.5170439909097,1.0,
554,8515995,Cham Alpenblick,47.182281674897496,8.471436523928599,1.0,
555,8515996,Hünenberg Zythus,47.173604960831696,8.45007458646927,1.0,
556,8515997,Root D4,47.1048555984762,8.373798635684059,1.0,
557,8516155,Lancy-Pont-Rouge,46.188897362681395,6.12533344552559,1.0,
558,8516161,Bern Wankdorf,46.9678196478926,7.4654671360201705,1.0,
559,8516187,Zug Schutzengel,47.173727091908795,8.50722540485291,1.0,
560,8516218,Winterthur Hegi,47.501565041255205,8.76930888903126,1.0,
561,8516219,Mellingen Heitersberg,47.42806966226149,8.27634041049637,1.0,
562,8516350,Buchrain,47.0936466099328,8.35664081375499,1.0,
563,8517131,Pratteln Salina Raurica,47.5305717135412,7.70987177540459,1.0,
564,8517336,Luzern Verkehrshaus,47.053928364839,8.33728211937952,1.0,
565,8517519,Stabio,45.8497239897316,8.9439413802884,1.0,
566,8518452,Prilly-Malley,46.5266890799835,6.60262632235042,1.0,
567,8518475,Mendrisio S. Martino,45.877655144727896,8.983027078305891,1.0,
568,8518749,Lyss Grien,47.0730386647597,7.2966197951935605,1.0,
569,8518771,Biel/Bienne Bözingenfeld/Champ,47.1583913390932,7.294589602651159,1.0,
570,8518963,Solothurn Allmend,47.2088769485575,7.5214321782286,1.0,
571,8519133,Fribourg/Freiburg Poya,46.814702028721,7.15543158196884,1.0,
